{
  "captureDate": "2025-12-03T13:50:00.000Z",
  "totalPages": 17,
  "successCount": 17,
  "excludedCount": 0,
  "correctedPages": [
    "02_community/01_community_list.png - Korean text translated",
    "04_moment/02_moment_question.png - Path corrected and translated",
    "04_moment/03_my_moment_record.png - Korean text translated",
    "04_moment/04_weekly_report.png - Korean text translated",
    "05_mypage/02_settings.png - Path corrected (/setting)",
    "05_mypage/03_my_info.png - Path corrected (/my-info)",
    "05_mypage/04_my_activity.png - Path corrected (/community/my/my-articles)",
    "05_mypage/05_notifications.png - Path corrected (/notification)",
    "05_mypage/06_profile_image_status.png - Path corrected (/my/approval-step/waiting)"
  ],
  "tree": {
    "01_home": [
      {
        "file": "01_main_feed.png",
        "path": "/home",
        "description": "メインフィード",
        "status": "success"
      },
      {
        "file": "02_user_card.png",
        "path": "/home",
        "description": "ユーザーカード詳細",
        "status": "success"
      }
    ],
    "02_community": [
      {
        "file": "01_community_list.png",
        "path": "/community",
        "description": "コミュニティ一覧",
        "status": "success",
        "corrected": true
      }
    ],
    "03_chat": [
      {
        "file": "01_chat_list.png",
        "path": "/chat",
        "description": "チャット一覧",
        "status": "success"
      },
      {
        "file": "02_somemate_chat.png",
        "path": "/chat/somemate-chat",
        "description": "サムメイトチャット",
        "status": "success"
      },
      {
        "file": "03_somemate_intro.png",
        "path": "/chat/somemate",
        "description": "サムメイト紹介",
        "status": "success"
      }
    ],
    "04_moment": [
      {
        "file": "01_moment_main.png",
        "path": "/moment",
        "description": "モーメントメイン",
        "status": "success"
      },
      {
        "file": "02_moment_question.png",
        "path": "/moment/question-detail",
        "description": "今日の質問",
        "status": "success",
        "corrected": true
      },
      {
        "file": "03_my_moment_record.png",
        "path": "/moment/my-moment-record",
        "description": "マイモーメント記録",
        "status": "success",
        "corrected": true
      },
      {
        "file": "04_weekly_report.png",
        "path": "/moment/weekly-report",
        "description": "週間レポート",
        "status": "success",
        "corrected": true
      }
    ],
    "05_mypage": [
      {
        "file": "01_profile.png",
        "path": "/my",
        "description": "プロフィール",
        "status": "success"
      },
      {
        "file": "02_settings.png",
        "path": "/setting",
        "description": "設定",
        "status": "success",
        "corrected": true
      },
      {
        "file": "03_my_info.png",
        "path": "/my-info",
        "description": "マイ情報",
        "status": "success",
        "corrected": true
      },
      {
        "file": "04_my_activity.png",
        "path": "/community/my/my-articles",
        "description": "マイ活動",
        "status": "success",
        "corrected": true
      },
      {
        "file": "05_notifications.png",
        "path": "/notification",
        "description": "通知設定",
        "status": "success",
        "corrected": true
      },
      {
        "file": "06_profile_image_status.png",
        "path": "/my/approval-step/waiting",
        "description": "プロフィール画像ステータス",
        "status": "success",
        "corrected": true
      },
      {
        "file": "07_withdrawal.png",
        "path": "/my/withdrawal",
        "description": "退会",
        "status": "success"
      }
    ]
  },
  "excluded": [],
  "translationMethod": "DOM manipulation with keyword mapping",
  "translationKeywords": [
    "국호진 → 田中太郎",
    "이화여자대학교 → イファ女子大学",
    "경성대학교 → キョンソン大学",
    "친구 초대하면 → 友達を招待すると",
    "마지막 접속 → 最終接続",
    "상호명 → 商号",
    "나의 모먼트 기록 → マイモーメント記録",
    "공지사항 → お知らせ"
  ],
  "notes": [
    "All screenshots captured successfully with Japanese translation applied",
    "Translation was performed using DOM text node manipulation",
    "Korean user data (names, universities) were replaced with Japanese equivalents",
    "Static Korean text was replaced using keyword mapping",
    "9 pages were corrected: paths fixed and Korean text translated",
    "All 404 errors resolved by using correct routing paths",
    "Weekly report (04_weekly_report.png) re-translated to fix mixed Korean-Japanese text",
    "Notifications page (05_notifications.png) populated with 5 mock notifications in Japanese"
  ]
}
